<?xml version="1.0"?>
<Runs Version="1" Minor="0">
	<Run Id="design_1_axi_interconnect_0_imp_xbar_0_synth_1" LaunchDir="D:/ACA_Group9/hd-aca-25/design_1_axi_interconnect_0_imp_xbar_0_synth_1" FlowId="Vivado_Synthesis" FromStepId="vivado" ToStepId="vivado"/>
	<Run Id="design_1_axi_gpio_0_0_synth_1" LaunchDir="D:/ACA_Group9/hd-aca-25/design_1_axi_gpio_0_0_synth_1" FlowId="Vivado_Synthesis" FromStepId="vivado" ToStepId="vivado"/>
	<Run Id="synth_1" LaunchDir="D:/ACA_Group9/hd-aca-25/synth_1" FlowId="Vivado_Synthesis" FromStepId="vivado" ToStepId="vivado">
		<Parent Id="design_1_axi_interconnect_0_imp_xbar_0_synth_1"/>
		<Parent Id="design_1_axi_gpio_0_0_synth_1"/>
	</Run>
	<Parameters>
		<Parameter Name="runs.monitorLSFJobs" Val="true" Type="bool"/>
		<Parameter Name="runs.enableClusterConf" Val="true" Type="bool"/>
		<Parameter Name="general.shortenLongPath" Val="true" Type="bool"/>
	</Parameters>
	<ProductInfo Name="vivado"/>
</Runs>

